{"TRUNCATION": 1, "TELECOM_WAVELENGTH": 1436.0, "QUANTUM_WAVELENGTH": 1536.0, "SPDC_FREQUENCY": 800000000.0, "MEAN_PHOTON_NUM1": 0.1, "MEAN_PHOTON_NUM2": 0.1, "BSM_DET1_EFFICIENCY": 0.6, "BSM_DET2_EFFICIENCY": 0.6, "BSM_DET1_DARK": 0, "BSM_DET2_DARK": 0, "MEAS_DET1_EFFICIENCY": 0.6, "MEAS_DET2_EFFICIENCY": 0.6, "MEAS_DET1_DARK": 0, "MEAS_DET2_DARK": 0, "NBF_BANDWIDTH": 0.03, "DIST_ANL_ERC": 20.0, "DIST_HC_ERC": 20.0, "QUNATUM_ATTENUATION": 0.44, "CLASSICAL_ATTENUATION": [0.55, 0.5], "RAMAN_COEFFICIENTS": [1.05e-09, 3.3e-09], "DELAY_CLASSICAL": 0.005, "QUANTUM_INDEX": 1.47, "CLASSICAL_INDEX": [1.471, 1.47], "CLASSICAL_WAVELENGTH": 1310, "CLASSICAL_RATE": 10000000000.0, "COMMS_WINDOW_SIZE": 1250000.0, "AVG_POWER": 0.015848931924611134, "MODE_NUM": 1000, "MEMO_FREQUENCY1": 800000000.0, "MEMO_FREQUENCY2": 800000000.0, "ABS_EFFICIENCY1": 0.35, "ABS_EFFICIENCY2": 0.35, "PREPARE_TIME1": 0, "PREPARE_TIME2": 0, "COHERENCE_TIME1": -1, "COHERENCE_TIME2": -1, "AFC_LIFETIME1": -1, "AFC_LIFETIME2": -1, "DECAY_RATE1": 4.3e-08, "DECAY_RATE2": 4.3e-08, "time": 1000000000000, "calculate_fidelity_direct": true, "calculate_rate_direct": true, "num_direct_trials": 3000, "num_bs_trials_per_phase": 100, "phase_settings": [0.0, 0.41887902047863906, 0.8377580409572781, 1.2566370614359172, 1.6755160819145563, 2.0943951023931953, 2.5132741228718345, 2.9321531433504733, 3.3510321638291125, 3.7699111843077517, 4.1887902047863905, 4.607669225265029, 5.026548245743669, 5.445427266222308, 5.864306286700947], "simulation_end_time": 99250000.0, "CLASSICAL_POWERS": [[0.012679145539688907, 0.014792336462970393, 0.016905527386251878, 0.01901871830953336], [0.012679145539688907, 0.014792336462970393, 0.016905527386251878, 0.01901871830953336]]}