{"TRUNCATION": 2, "TELECOM_WAVELENGTH": 1436.0, "QUANTUM_WAVELENGTH": 1536.0, "SPDC_FREQUENCY": 800000000.0, "MEAN_PHOTON_NUM": [0.01], "BSM_DET1_EFFICIENCY": 0.15, "BSM_DET2_EFFICIENCY": 0.15, "BSM_DET1_DARK": 0, "BSM_DET2_DARK": 0, "MEAS_DET1_EFFICIENCY": 0.15, "MEAS_DET2_EFFICIENCY": 0.15, "MEAS_DET1_DARK": 0, "MEAS_DET2_DARK": 0, "NBF_BANDWIDTH": 0.03, "DIST_ANL_ERC": 10.0, "DIST_HC_ERC": 10.0, "QUNATUM_ATTENUATION": 0.3300638062464714, "DELAY_CLASSICAL": 0.005, "QUANTUM_INDEX": 1.471, "CLASSICAL_ATTENUATION": [0.3648073647987316, 0.3648073647987316], "RAMAN_COEFFICIENTS": [3.3e-09, 3.3e-09], "CLASSICAL_INDEX": [1.47, 1.47], "CLASSICAL_WAVELENGTH": 1610, "DIRECTION": false, "CLASSICAL_RATE": 10000000000.0, "COMMS_WINDOW_SIZE": 50250000.0, "TOTAL_COMM_SIZE": 50250000.0, "AVG_POWER": 2, "MODULATION": "PAM4", "MODE_NUM": 1000, "MEMO_FREQUENCY1": 800000000.0, "MEMO_FREQUENCY2": 800000000.0, "ABS_EFFICIENCY1": 0.7, "ABS_EFFICIENCY2": 0.7, "PREPARE_TIME1": 0, "PREPARE_TIME2": 0, "COHERENCE_TIME1": -1, "COHERENCE_TIME2": -1, "AFC_LIFETIME1": -1, "AFC_LIFETIME2": -1, "DECAY_RATE1": 4.3e-08, "DECAY_RATE2": 4.3e-08, "time": 1000000000000, "calculate_fidelity_direct": true, "calculate_rate_direct": true, "num_direct_trials": 3000, "num_bs_trials_per_phase": 300, "phase_settings": [0.0, 0.8975979010256552, 1.7951958020513104, 2.6927937030769655, 3.5903916041026207, 4.487989505128276, 5.385587406153931], "CLASSICAL_POWERS": [[0.001267914553968891, 0.0014792336462970395, 0.0016905527386251878, 0.0019018718309533364], [0.001267914553968891, 0.0014792336462970395, 0.0016905527386251878, 0.0019018718309533364]]}