{"TRUNCATION": 1, "TELECOM_WAVELENGTH": 1436.0, "QUANTUM_WAVELENGTH": 1536.0, "SPDC_FREQUENCY": 800000000.0, "MEAN_PHOTON_NUM1": 0.1, "MEAN_PHOTON_NUM2": 0.1, "BSM_DET1_EFFICIENCY": 0.2, "BSM_DET2_EFFICIENCY": 0.2, "BSM_DET1_DARK": 0, "BSM_DET2_DARK": 0, "MEAS_DET1_EFFICIENCY": 0.2, "MEAS_DET2_EFFICIENCY": 0.2, "MEAS_DET1_DARK": 0, "MEAS_DET2_DARK": 0, "NBF_BANDWIDTH": 0.03, "DIST_ANL_ERC": 20.0, "DIST_HC_ERC": 20.0, "QUNATUM_ATTENUATION": 0.44, "CLASSICAL_ATTENUATION": [0.55, 0.55], "RAMAN_COEFFICIENTS": [1.05e-09, 1.05e-09], "DELAY_CLASSICAL": 0.005, "QUANTUM_INDEX": 1.47, "CLASSICAL_INDEX": [1.471, 1.471], "CLASSICAL_WAVELENGTH": 1310, "CLASSICAL_RATE": 10000000000.0, "COMMS_WINDOW_SIZE": 99250000.0, "TOTAL_COMM_SIZE": 99250000.0, "AVG_POWER": 3, "DIRECTION": false, "MODULATION": "PAM4", "MODE_NUM": 1000, "MEMO_FREQUENCY1": 800000000.0, "MEMO_FREQUENCY2": 800000000.0, "ABS_EFFICIENCY1": 0.35, "ABS_EFFICIENCY2": 0.35, "PREPARE_TIME1": 0, "PREPARE_TIME2": 0, "COHERENCE_TIME1": -1, "COHERENCE_TIME2": -1, "AFC_LIFETIME1": -1, "AFC_LIFETIME2": -1, "DECAY_RATE1": 4.3e-08, "DECAY_RATE2": 4.3e-08, "time": 1000000000000, "calculate_fidelity_direct": true, "calculate_rate_direct": true, "num_direct_trials": 3000, "num_bs_trials_per_phase": 100, "phase_settings": [0.0, 0.6283185307179586, 1.2566370614359172, 1.8849555921538759, 2.5132741228718345, 3.141592653589793, 3.7699111843077517, 4.39822971502571, 5.026548245743669, 5.654866776461628], "CLASSICAL_POWERS": [[0.0015962098519751034, 0.0018622448273042875, 0.0021282798026334713, 0.002394314777962655], [0.0015962098519751034, 0.0018622448273042875, 0.0021282798026334713, 0.002394314777962655]]}