{"BSM_DET1_EFFICIENCY": 0.172, "DARK_COUNTS": 0, "RESOLUTION": 10, "TEMPORAL_COINCIDENCE_WINDOW": 450, "DEAD_TIME": 6000, "QUANTUM_WAVELENGTH": 1547.72, "QUANTUM_INDEX": 1.47, "DISTANCE": 25.0, "CLASSICAL_ATTENUATION": [0.07368272297580947, 0.07368272297580947], "RAMAN_COEFFICIENTS": [8.66e-10, 8.66e-10], "DELAY_CLASSICAL": 0.005, "CLASSICAL_INDEX": [1.47, 1.47], "QUNATUM_ATTENUATION": 0.03914394658089878, "CLASSICAL_WAVELENGTH": 1310.0, "CLASSICAL_RATE": 10000000000.0, "COMMS_WINDOW_SIZE": 1000000000.0, "TOTAL_COMM_SIZE": 100000000000.0, "AVG_POWER": [1.5174206450381676e-06, 2.1956369657336524e-06, 3.1769843787612502e-06, 4.59694835731666e-06, 6.651570067862872e-06, 9.624511943291685e-06, 1.392622030610683e-05, 2.015059185929928e-05, 2.915696745814107e-05, 4.2188773277285584e-05, 6.104518905121022e-05, 8.832954401886698e-05], "DIRECTION": false, "NBF_BANDWIDTH": 0.57, "MODULATION": "PSK", "TIME": 1000000000000}