{"TRUNCATION": 1, "SPDC_FREQUENCY": 416700000.0, "MEAN_PHOTON_NUM": 0.05, "MODE_NUM": 1000, "MEAS_DET1_EFFICIENCY": 0.172, "MEAS_DET2_EFFICIENCY": 0.172, "BSM_DET1_EFFICIENCY": 0.5, "BSM_DET2_EFFICIENCY": 0.5, "MEAS_DET1_DARK": 0, "MEAS_DET2_DARK": 0, "BSM_DET1_DARK": 0, "BSM_DET2_DARK": 0, "RESOLUTION": 10, "TEMPORAL_COINCIDENCE_WINDOW": 600, "DEAD_TIME": 7000, "QUANTUM_WAVELENGTH": 1290.0, "RETAINED_WAVELENGTH": 1310.0, "QUANTUM_INDEX": 1.47, "LOCAL_DISTANCE": 47.9, "COEXISTING_DISTANCE": 47.9, "QUANTUM_ATTENUATION": 0.43, "RETAINED_ATTENUATION": 0.048475991649269315, "COLLECTION_EFFICIENCIES": [0.1, 0.2, 0.3, 0.4], "num_bs_trials_per_phase": 100, "phase_settings": [0.0, 0.8975979010256552, 1.7951958020513104, 2.6927937030769655, 3.5903916041026207, 4.487989505128276, 5.385587406153931], "TIME": 1000000000000}